{
  "SOL/USD_EUPHORIA_MEAN_REVERSION": {
    "trades": 20,
    "netPnL": 825.3924516064908,
    "grossProfit": 1729.9707073436925,
    "grossLoss": 904.5782557372017,
    "profitFactor": 1.9124610793720913,
    "expectancy": 41.26962258032453,
    "winRate": 0.35,
    "sampleSize": 20,
    "averageWin": 247.13867247767035,
    "averageLoss": 69.58294274901552
  },
  "LINK/USD_CRASH_MEAN_REVERSION": {
    "trades": 89,
    "netPnL": 1029.2723685406036,
    "grossProfit": 4964.654678962716,
    "grossLoss": 3935.382310422113,
    "profitFactor": 1.2615431709937739,
    "expectancy": 11.564858073489937,
    "winRate": 0.4157303370786517,
    "sampleSize": 89,
    "averageWin": 134.17985618818153,
    "averageLoss": 75.68042904657909
  },
  "DOGE/USD_BEAR_RSI2_TREND_TRAILING": {
    "trades": 88,
    "netPnL": -62.36036252221652,
    "grossProfit": 433.00035835839725,
    "grossLoss": 495.36072088061377,
    "profitFactor": 0.8741112084717635,
    "expectancy": -0.708640483207005,
    "winRate": 0.375,
    "sampleSize": 88,
    "averageWin": 13.121222980557492,
    "averageLoss": 9.006558561465704
  },
  "ETH/USD_CRASH_MEAN_REVERSION": {
    "trades": 70,
    "netPnL": -284.2707535474251,
    "grossProfit": 2626.0302514104205,
    "grossLoss": 2910.3010049578456,
    "profitFactor": 0.902322559397411,
    "expectancy": -4.061010764963214,
    "winRate": 0.4142857142857143,
    "sampleSize": 70,
    "averageWin": 90.5527672900145,
    "averageLoss": 70.98295134043526
  },
  "DOGE/USD_CRASH_MEAN_REVERSION": {
    "trades": 97,
    "netPnL": 1891.7838601365288,
    "grossProfit": 5837.998572375018,
    "grossLoss": 3946.214712238489,
    "profitFactor": 1.479392024531634,
    "expectancy": 19.502926393160088,
    "winRate": 0.5154639175257731,
    "sampleSize": 97,
    "averageWin": 116.75997144750036,
    "averageLoss": 83.9620151540104
  },
  "ETH/USD_BEAR_RSI2_TREND_TRAILING": {
    "trades": 76,
    "netPnL": -79.99662246944371,
    "grossProfit": 327.5562494666496,
    "grossLoss": 407.5528719360933,
    "profitFactor": 0.803714737453776,
    "expectancy": -1.0525871377558387,
    "winRate": 0.3684210526315789,
    "sampleSize": 76,
    "averageWin": 11.698437480951771,
    "averageLoss": 8.490684832001945
  },
  "LINK/USD_BEAR_RSI2_TREND_TRAILING": {
    "trades": 63,
    "netPnL": -5.821340267293692,
    "grossProfit": 316.9892912963253,
    "grossLoss": 322.810631563619,
    "profitFactor": 0.9819667021526011,
    "expectancy": -0.09240222646497909,
    "winRate": 0.30158730158730157,
    "sampleSize": 63,
    "averageWin": 16.68364691033291,
    "averageLoss": 7.336605262809522
  },
  "LTC/USD_BULL_RSI2_TREND_TRAILING": {
    "trades": 67,
    "netPnL": -178.6099501021602,
    "grossProfit": 177.62845982215367,
    "grossLoss": 356.2384099243139,
    "profitFactor": 0.4986224249650465,
    "expectancy": -2.665820150778511,
    "winRate": 0.23880597014925373,
    "sampleSize": 67,
    "averageWin": 11.101778738884605,
    "averageLoss": 6.985066861261057
  },
  "DOGE/USD_BULL_RSI2_TREND_TRAILING": {
    "trades": 49,
    "netPnL": -33.85238253708923,
    "grossProfit": 172.90274134925832,
    "grossLoss": 206.75512388634755,
    "profitFactor": 0.8362682292909087,
    "expectancy": -0.6908649497365156,
    "winRate": 0.32653061224489793,
    "sampleSize": 49,
    "averageWin": 10.806421334328645,
    "averageLoss": 6.265306784434774
  },
  "ETH/USD_BULL_RSI2_TREND_TRAILING": {
    "trades": 75,
    "netPnL": 120.51068996766048,
    "grossProfit": 453.6960073218718,
    "grossLoss": 333.1853173542113,
    "profitFactor": 1.361692678790959,
    "expectancy": 1.606809199568807,
    "winRate": 0.41333333333333333,
    "sampleSize": 75,
    "averageWin": 14.63535507489909,
    "averageLoss": 7.572393576232074
  },
  "LTC/USD_BEAR_RSI2_TREND_TRAILING": {
    "trades": 87,
    "netPnL": -217.64036443250203,
    "grossProfit": 226.00943429400954,
    "grossLoss": 443.64979872651156,
    "profitFactor": 0.5094320676866424,
    "expectancy": -2.501613384281633,
    "winRate": 0.3103448275862069,
    "sampleSize": 87,
    "averageWin": 8.370719788667019,
    "averageLoss": 7.394163312108526
  },
  "SOL/USD_BEAR_RSI2_TREND_TRAILING": {
    "trades": 50,
    "netPnL": -0.8325992205286923,
    "grossProfit": 242.8047923994848,
    "grossLoss": 243.6373916200135,
    "profitFactor": 0.9965826295586547,
    "expectancy": -0.016651984410573917,
    "winRate": 0.24,
    "sampleSize": 50,
    "averageWin": 20.233732699957066,
    "averageLoss": 6.411510305789829
  },
  "DOGE/USD_EUPHORIA_MEAN_REVERSION": {
    "trades": 23,
    "netPnL": 599.9132125695878,
    "grossProfit": 2036.8794928925333,
    "grossLoss": 1436.9662803229455,
    "profitFactor": 1.4174859360198506,
    "expectancy": 26.08318315519947,
    "winRate": 0.391304347826087,
    "sampleSize": 23,
    "averageWin": 226.31994365472593,
    "averageLoss": 102.6404485944961
  },
  "BTC/USD_BULL_RSI2_TREND_TRAILING": {
    "trades": 67,
    "netPnL": 253.43166861389685,
    "grossProfit": 480.81995488552934,
    "grossLoss": 227.3882862716325,
    "profitFactor": 2.1145326470825925,
    "expectancy": 3.7825622181178638,
    "winRate": 0.417910447761194,
    "sampleSize": 67,
    "averageWin": 17.172141245911764,
    "averageLoss": 5.830468878759808
  },
  "LINK/USD_BULL_RSI2_TREND_TRAILING": {
    "trades": 68,
    "netPnL": 131.0206937219233,
    "grossProfit": 388.49583476826234,
    "grossLoss": 257.47514104633905,
    "profitFactor": 1.5088673539102668,
    "expectancy": 1.9267749076753424,
    "winRate": 0.38235294117647056,
    "sampleSize": 68,
    "averageWin": 14.942147491087013,
    "averageLoss": 6.13036050110331
  },
  "BTC/USD_BEAR_RSI2_TREND_TRAILING": {
    "trades": 56,
    "netPnL": -27.999032533252716,
    "grossProfit": 224.02475802285403,
    "grossLoss": 252.02379055610675,
    "profitFactor": 0.8889032163532219,
    "expectancy": -0.4999827238080856,
    "winRate": 0.39285714285714285,
    "sampleSize": 56,
    "averageWin": 10.182943546493364,
    "averageLoss": 7.412464428120787
  },
  "BTC/USD_CRASH_MEAN_REVERSION": {
    "trades": 40,
    "netPnL": 257.4497255956012,
    "grossProfit": 1275.7821429137784,
    "grossLoss": 1018.3324173181772,
    "profitFactor": 1.2528150152320656,
    "expectancy": 6.436243139890028,
    "winRate": 0.475,
    "sampleSize": 40,
    "averageWin": 67.1464285744094,
    "averageLoss": 48.49201987229416
  },
  "LTC/USD_CRASH_MEAN_REVERSION": {
    "trades": 86,
    "netPnL": 916.6157902280402,
    "grossProfit": 4653.967867122137,
    "grossLoss": 3737.352076894097,
    "profitFactor": 1.245258078813326,
    "expectancy": 10.658323142186525,
    "winRate": 0.4186046511627907,
    "sampleSize": 86,
    "averageWin": 129.27688519783715,
    "averageLoss": 74.74704153788194
  },
  "SOL/USD_CRASH_MEAN_REVERSION": {
    "trades": 94,
    "netPnL": 953.8337899267599,
    "grossProfit": 4900.624096562855,
    "grossLoss": 3946.790306636095,
    "profitFactor": 1.2416732878671037,
    "expectancy": 10.14716797794425,
    "winRate": 0.44680851063829785,
    "sampleSize": 94,
    "averageWin": 116.6815261086394,
    "averageLoss": 75.89981358915567
  },
  "SOL/USD_BULL_RSI2_TREND_TRAILING": {
    "trades": 50,
    "netPnL": 31.35957977261498,
    "grossProfit": 208.30653846720884,
    "grossLoss": 176.94695869459386,
    "profitFactor": 1.1772258760702456,
    "expectancy": 0.6271915954522993,
    "winRate": 0.42,
    "sampleSize": 50,
    "averageWin": 9.919358974628992,
    "averageLoss": 6.1016192653308226
  },
  "LTC/USD_EUPHORIA_MEAN_REVERSION": {
    "trades": 7,
    "netPnL": 108.10697726552235,
    "grossProfit": 312.27842512315374,
    "grossLoss": 204.1714478576314,
    "profitFactor": 1.5294911624513985,
    "expectancy": 15.443853895074621,
    "winRate": 0.7142857142857143,
    "sampleSize": 7,
    "averageWin": 62.455685024630746,
    "averageLoss": 102.0857239288157
  },
  "ETH/USD_EUPHORIA_MEAN_REVERSION": {
    "trades": 4,